{"cameraMode":{"drawMode":0,"name":"Shaded","section":"Shading Mode"},"sceneLighting":true,"audioPlay":false,"sceneViewState":{"showFog":true,"showMaterialUpdate":false,"showSkybox":true,"showFlares":true,"showImageEffects":true,"showParticleSystems":true},"in2DMode":false,"pivot":{"x":384.3387756347656,"y":203.95460510253907,"z":-108.55264282226563},"rotation":{"x":0.20570248365402223,"y":-0.03523194417357445,"z":0.007383360527455807,"w":0.977989137172699},"size":291.8294372558594,"orthographic":false}