{"cameraMode":{"drawMode":0,"name":"Shaded","section":"Shading Mode"},"sceneLighting":true,"audioPlay":false,"sceneViewState":{"showFog":true,"showMaterialUpdate":false,"showSkybox":true,"showFlares":true,"showImageEffects":true,"showParticleSystems":true},"in2DMode":false,"pivot":{"x":-22.99456787109375,"y":3.6691930294036867,"z":-5.813310623168945},"rotation":{"x":0.02428540773689747,"y":0.041971076279878619,"z":-0.001022230600938201,"w":0.9988276362419128},"size":30.315284729003908,"orthographic":false}