{"cameraMode":{"drawMode":0,"name":"Shaded","section":"Shading Mode"},"sceneLighting":true,"audioPlay":false,"sceneViewState":{"showFog":true,"showMaterialUpdate":false,"showSkybox":true,"showFlares":true,"showImageEffects":true,"showParticleSystems":true},"in2DMode":false,"pivot":{"x":-25.514806747436525,"y":5.47708797454834,"z":3.857306957244873},"rotation":{"x":0.10047296434640885,"y":-0.21927887201309205,"z":-0.022720659151673318,"w":-0.970234215259552},"size":8.75011157989502,"orthographic":false}